Date,Campus_Population,Avg_Liters_Per_Capita,Total_Volume_Liters,Peak_Flow_LPM,Pump_Active_Hours,System_Status
2026-07-01,512,110.5,56576,210,2.1,Vacation_Mode
2026-07-02,510,111.2,56712,215,2.1,Vacation_Mode
2026-07-03,505,109.8,55449,208,2.0,Vacation_Mode
2026-07-04,480,105.1,50448,190,1.8,Vacation_Mode
2026-07-05,485,106.3,51555,195,1.9,Vacation_Mode
2026-07-06,515,110.9,57113,212,2.2,Vacation_Mode
2026-07-07,520,112.4,58448,218,2.3,Vacation_Mode
2026-07-08,525,111.8,58695,216,2.3,Vacation_Mode
2026-07-09,530,113.1,59943,220,2.4,Vacation_Mode
2026-07-10,540,112.5,60750,222,2.4,Vacation_Mode
2026-07-11,510,108.2,55182,205,2.0,Vacation_Mode
2026-07-12,515,109.4,56341,208,2.1,Vacation_Mode
2026-07-13,650,115.6,75140,280,3.1,Ramping_Up
2026-07-14,890,116.2,103418,340,4.2,Ramping_Up
2026-07-15,1250,118.5,148125,410,5.5,Ramping_Up
2026-07-16,1800,119.1,214380,520,6.8,Move_In_Week
2026-07-17,2450,120.4,294980,610,7.9,Move_In_Week
2026-07-18,3100,121.2,375720,680,8.4,Move_In_Week
2026-07-19,3850,121.8,468930,750,9.1,Move_In_Week
2026-07-20,4200,122.5,514500,790,9.5,Move_In_Week
2026-07-21,4550,123.1,560105,820,9.8,Move_In_Week
2026-07-22,4750,123.8,588050,845,10.0,Move_In_Week
2026-07-23,4850,124.2,602370,855,10.1,Normal
2026-07-24,4920,124.6,613032,865,10.2,Normal
2026-07-25,4800,119.5,573600,810,9.4,Weekend_Low
2026-07-26,4820,120.1,578882,815,9.5,Weekend_Low
2026-07-27,4950,125.1,619245,870,10.3,Normal
2026-07-28,4980,125.4,624492,875,10.4,Normal
2026-07-29,5000,125.8,629000,880,10.5,Normal
2026-07-30,5000,126.1,630500,885,10.5,Normal
2026-07-31,5000,125.9,629500,882,10.5,Normal
2026-08-01,4900,121.5,595350,830,9.7,Weekend_Low
2026-08-02,4910,121.8,598038,835,9.8,Weekend_Low
2026-08-03,5000,126.5,632500,890,10.6,Normal
2026-08-04,5000,127.1,635500,895,10.7,Normal
2026-08-05,5010,126.8,635268,892,10.7,Normal
2026-08-06,5000,126.4,632000,888,10.6,Normal
2026-08-07,5000,125.9,629500,885,10.5,Normal
2026-08-08,4920,120.5,592860,825,9.7,Weekend_Low
2026-08-09,4930,121.1,597023,830,9.8,Weekend_Low
2026-08-10,5000,125.5,627500,875,10.4,Normal
2026-08-11,5000,125.2,626000,870,10.4,Normal
2026-08-12,5000,126.1,630500,880,10.5,Normal
2026-08-13,5000,126.3,631500,882,10.5,Normal
2026-08-14,5000,125.8,629000,878,10.4,Normal
2026-08-15,4850,118.5,574725,805,9.4,Holiday_Low
2026-08-16,4880,119.2,581736,810,9.5,Weekend_Low
2026-08-17,5000,124.9,624500,865,10.3,Normal
2026-08-18,5000,124.5,622500,860,10.2,Normal
2026-08-19,5000,125.1,625500,868,10.3,Normal
2026-08-20,5000,124.8,624000,865,10.3,Normal
2026-08-21,5000,124.2,621000,860,10.2,Normal
2026-08-22,4940,119.8,591812,820,9.6,Weekend_Low
2026-08-23,4950,120.4,595980,825,9.7,Weekend_Low
2026-08-24,5000,125.4,627000,875,10.4,Normal
2026-08-25,5000,125.7,628500,880,10.5,Normal
2026-08-26,5000,124.9,624500,870,10.3,Normal
2026-08-27,5000,124.3,621500,865,10.2,Normal
2026-08-28,5000,124.6,623000,868,10.3,Normal
2026-08-29,4920,119.5,587940,815,9.6,Weekend_Low
2026-08-30,4930,120.1,592093,820,9.6,Weekend_Low
2026-08-31,5000,124.1,620500,860,10.2,Normal
2026-09-01,5000,123.8,619000,855,10.1,Normal
2026-09-02,5000,124.2,621000,860,10.2,Normal
2026-09-03,5000,124.5,622500,865,10.2,Normal
2026-09-04,5000,123.9,619500,858,10.1,Normal
2026-09-05,4950,119.5,591525,810,9.5,Weekend_Low
2026-09-06,4950,118.2,585090,805,9.4,Weekend_Low
2026-09-07,5000,124.5,622500,865,10.2,Normal
2026-09-08,5000,125.7,628500,875,10.4,Normal
2026-09-09,5000,124.3,621500,860,10.2,Normal
2026-09-10,5000,123.8,619000,855,10.1,Normal
2026-09-11,5000,122.9,614500,850,10.0,Normal
2026-09-12,4960,120.1,595696,815,9.6,Weekend_Low
2026-09-13,4960,119.8,594208,812,9.6,Weekend_Low
2026-09-14,5000,143.0,715000,980,14.2,Leak_Detected
2026-09-15,5000,125.4,627000,872,10.4,Maintenance_Fixed
2026-09-16,5000,126.8,634000,885,10.6,Normal
2026-09-17,5000,125.1,625500,870,10.3,Normal
2026-09-18,5000,123.5,617500,852,10.1,Normal
2026-09-19,4975,120.5,599487,820,9.7,Weekend_Low
2026-09-20,4975,119.2,593020,810,9.5,Weekend_Low
2026-09-21,5000,124.0,620000,860,10.2,Normal
2026-09-22,5000,123.7,618500,858,10.1,Normal
2026-09-23,5000,124.9,624500,868,10.3,Normal
2026-09-24,5000,125.5,627500,875,10.4,Normal
2026-09-25,5000,124.2,621000,862,10.2,Normal
2026-09-26,4980,121.0,602580,825,9.8,Weekend_Low
2026-09-27,4980,120.4,599592,820,9.7,Weekend_Low
2026-09-28,5000,124.5,622500,865,10.2,Normal